{
  "config": {
    "learning_rate": 0.001,
    "n_iters": 1000
  },
  "lr": 0.001,
  "n_iters": 1000,
  "weights": [
    5.675218783243869,
    -0.10903706767664952,
    1.6105828971383145,
    0.8747522546161318,
    0.7878852002314188,
    0.8774370687619416,
    3.98829217366909,
    2.5594722529369447,
    1.9060459818905906,
    0.6026311299424596,
    0.8142948793438562,
    2.1740193955809426,
    5.533346632959128,
    0.18289955259296373
  ],
  "bias": 5.675218783243869
}