{
  "config": {
    "n_components": 2
  },
  "n_components": 2,
  "components_": [
    [
      0.0,
      0.0
    ],
    [
      -0.3553305630687352,
      0.003872605161042294
    ],
    [
      0.0823638804410004,
      0.0018611717116880804
    ],
    [
      -0.3509987145646521,
      -0.0036179351259935325
    ],
    [
      0.3004446747253716,
      0.003620811552934758
    ],
    [
      -0.12883788703362573,
      -0.0006491667229512812
    ],
    [
      -0.2100430494840325,
      -0.013225347029162943
    ],
    [
      -0.21735042075361882,
      -0.002401477702382971
    ],
    [
      0.0644310998942513,
      0.00368563808032968
    ],
    [
      -0.17381774590214794,
      -0.0026537900306914594
    ],
    [
      -0.12085871582814871,
      -0.0026344935855767103
    ],
    [
      0.28649007678644667,
      0.01443930584350926
    ],
    [
      -0.24407403892874757,
      -0.0038596161294667773
    ],
    [
      -0.164631726287281,
      0.00024998201922537535
    ],
    [
      -0.26837918000600125,
      -0.009234312294598694
    ],
    [
      0.016823272921591147,
      -0.0017069014749526293
    ],
    [
      -0.2777463846045853,
      -0.0027455886254194903
    ],
    [
      -0.2969543308345798,
      -0.0018399899335171817
    ],
    [
      -0.2509146596362234,
      0.001471466445956348
    ],
    [
      0.1437551789363887,
      -0.003146181564457034
    ],
    [
      0.024211729783522876,
      0.0005253853067312647
    ],
    [
      0.009785044065809469,
      -7.987718504716078e-05
    ],
    [
      0.026190750058093026,
      -0.000710205014136233
    ],
    [
      0.0029164174171715696,
      0.0003484991091551215
    ],
    [
      -0.015452362729034875,
      -0.0006100751277710387
    ],
    [
      -0.004614344703561676,
      0.0026337258992873576
    ],
    [
      0.0406292245471328,
      0.004778765511216532
    ],
    [
      0.05526081144200661,
      0.010101495732362567
    ],
    [
      0.0020492869948701407,
      0.0020972480961029185
    ],
    [
      0.014263751147699313,
      -0.9996372118946945
    ]
  ],
  "mean_": [
    1.0,
    0.5858921139226315,
    0.7733128168289405,
    0.42129150005210486,
    0.6073125824036615,
    0.27817800829248085,
    0.5311522958652032,
    0.5462716417040264,
    0.5167560461061431,
    0.2978292697170657,
    0.20515860803809385,
    0.5521444094907175,
    0.32401578943095477,
    0.5126593692576843,
    0.26736889456926516,
    0.5228451656289831,
    0.3108582205119867,
    0.37301007205368686,
    0.3511950481681442,
    0.5830657914471898,
    0.6507875693004126,
    0.5897739096074988,
    0.39015917328635413,
    0.4322041358756433,
    0.30889786706860706,
    0.3914210740546076,
    0.38816880493833794,
    0.48665294903050826,
    0.35442371543321555,
    0.4984456174055631
  ]
}