{
  "config": {
    "learning_rate": 0.001,
    "lambda_param": 0.01,
    "n_iters": 1000
  },
  "lr": 0.001,
  "lambda_param": 0.01,
  "n_iters": 1000,
  "w": [
    1.0011670981488683,
    -0.0444218089261455
  ]
}